{
  "packages": [
    {
      "name": "external-dependency-manager.unitypackage",
      "imports": [
        {
          "importer": "PluginImporter",
          "platforms": ["Editor"],
          "paths": [
            "ExternalDependencyManager/Editor/Google.VersionHandler.*"
          ]
        },
        {
          "importer": "PluginImporter",
          "platforms": [],
          "labels": ["gvhp_targets-editor"],
          "paths": [
            "ExternalDependencyManager/Editor/Google.IOSResolver_*.*",
            "ExternalDependencyManager/Editor/Google.JarResolver_*.*",
            "ExternalDependencyManager/Editor/Google.VersionHandlerImpl_*.*",
            "ExternalDependencyManager/Editor/Google.PackageManagerResolver_*.*"
          ],
          "override_metadata_upm": {
            "PluginImporter": {
              "platformData": {
                "Editor": {
                  "enabled": 1
                }
              }
            }
          }
        },
        {
          "sections": ["documentation"],
          "importer": "DefaultImporter",
          "paths": [
            "ExternalDependencyManager/Editor/README.md",
            "ExternalDependencyManager/Editor/CHANGELOG.md",
            "ExternalDependencyManager/Editor/LICENSE"
          ]
        },
        {
          "importer": "DefaultImporter",
          "paths": [
            "ExternalDependencyManager/Editor/external-dependency-manager*_manifest.txt"
          ]
        },
        {
          "sections": ["unitypackage"],
          "importer": "DefaultImporter",
          "paths": [
              "PlayServicesResolver/Editor/play-services-resolver_v1.2.137.0.txt"
          ]
        }
      ],
      "manifest_path": "ExternalDependencyManager/Editor",

      "readme": "ExternalDependencyManager/Editor/README.md",
      "license": "ExternalDependencyManager/Editor/LICENSE",
      "changelog": "ExternalDependencyManager/Editor/CHANGELOG.md",
      "documentation": "ExternalDependencyManager/Editor/README.md",

      "common_manifest" : {
        "name": "com.google.external-dependency-manager",
        "display_name": "External Dependency Manager for Unity",
        "description": [
          "External Dependency Manager for Unity (EDM4U) can be used by any ",
          "Unity plugin that requires Android specific libraries (e.g. AARs), ",
          "iOS CocoaPods, version management of transitive dependencies, ",
          "and/or management of Unity Package Manager registries."
        ],
        "keywords": [
          "Google", "Android", "Gradle", "Cocoapods", "Dependency",
          "Unity Package Manager", "Unity",
          "vh-name:play-services-resolver",
          "vh-name:unity-jar-resolver"
        ],
        "author": {
          "name" : "Google LLC",
          "url": "https://github.com/googlesamples/unity-jar-resolver"
        }
      },

      "export_upm" : 1,
      "upm_package_config" : {
        "manifest" : {
          "unity": "2017.1"
        }
      }
    }
  ]
}
